"(cid:10610)(cid:18103)(cid:18103)(cid:18103)(cid:6744)","(cid:16093)(cid:16098)(cid:16096)","(cid:16097)(cid:16094)","(cid:16096)(cid:16095)","(cid:16101)(cid:16097)","(cid:16095)(cid:16097)","(cid:16095)(cid:16096)","(cid:16098)(cid:16101)"
"(cid:18445)(cid:18449)(cid:7763)(cid:7053)(cid:8246)(cid:16076)","(cid:16093)","(cid:16089)","(cid:16093)","(cid:16093)","(cid:16089)","(cid:16089)","(cid:16089)"
"(cid:18445)(cid:18449)(cid:18522)(cid:18445)(cid:18453)(cid:7763)(cid:16076)","(cid:16089)","(cid:16089)","(cid:16089)","(cid:16089)","(cid:16089)","(cid:16089)","(cid:16089)"
"(cid:18446)(cid:18444)(cid:18522)(cid:18446)(cid:18448)(cid:7763)(cid:16076)","(cid:16095)","(cid:16093)","(cid:16093)","(cid:16094)","(cid:16093)","(cid:16089)","(cid:16093)"
"(cid:18446)(cid:18449)(cid:18522)(cid:18446)(cid:18453)(cid:7763)(cid:16076)","(cid:16096)","(cid:16094)","(cid:16093)","(cid:16095)","(cid:16089)","(cid:16093)","(cid:16093)"
"(cid:18447)(cid:18444)(cid:18522)(cid:18447)(cid:18448)(cid:7763)(cid:16076)","(cid:16099)","(cid:16097)","(cid:16093)","(cid:16098)","(cid:16093)","(cid:16089)","(cid:16093)"
"(cid:18447)(cid:18449)(cid:18522)(cid:18447)(cid:18453)(cid:7763)(cid:16076)","(cid:16097)","(cid:16093)","(cid:16093)","(cid:16094)","(cid:16094)","(cid:16093)","(cid:16095)"
"(cid:18448)(cid:18444)(cid:18522)(cid:18448)(cid:18448)(cid:7763)(cid:16076)","(cid:16095)","(cid:16093)","(cid:16093)","(cid:16094)","(cid:16093)","(cid:16089)","(cid:16093)"
"(cid:18448)(cid:18449)(cid:18522)(cid:18448)(cid:18453)(cid:7763)(cid:16076)","(cid:16096)","(cid:16094)","(cid:16094)","(cid:16096)","(cid:16089)","(cid:16089)","(cid:16089)"
"(cid:18449)(cid:18444)(cid:18522)(cid:18449)(cid:18448)(cid:7763)(cid:16076)","(cid:16097)","(cid:16095)","(cid:16093)","(cid:16096)","(cid:16089)","(cid:16093)","(cid:16093)"
"(cid:18449)(cid:18449)(cid:18522)(cid:18449)(cid:18453)(cid:7763)(cid:16076)","(cid:16093)(cid:16092)","(cid:16096)","(cid:16094)","(cid:16098)","(cid:16094)","(cid:16094)","(cid:16096)"
"(cid:18450)(cid:18444)(cid:18522)(cid:18450)(cid:18448)(cid:7763)(cid:16076)","(cid:16094)(cid:16092)","(cid:16097)","(cid:16096)","(cid:16101)","(cid:16100)","(cid:16095)","(cid:16093)(cid:16093)"
"(cid:18450)(cid:18449)(cid:18522)(cid:18450)(cid:18453)(cid:7763)(cid:16076)","(cid:16093)(cid:16096)","(cid:16097)","(cid:16096)","(cid:16101)","(cid:16094)","(cid:16095)","(cid:16097)"
"(cid:18451)(cid:18444)(cid:18522)(cid:18451)(cid:18448)(cid:7763)(cid:16076)","(cid:16093)(cid:16100)","(cid:16093)(cid:16093)","(cid:16095)","(cid:16093)(cid:16096)","(cid:16096)","(cid:16089)","(cid:16096)"
"(cid:18451)(cid:18449)(cid:18522)(cid:18451)(cid:18453)(cid:7763)(cid:16076)","(cid:16093)(cid:16096)","(cid:16095)","(cid:16095)","(cid:16098)","(cid:16095)","(cid:16097)","(cid:16100)"
"(cid:18452)(cid:18444)(cid:18522)(cid:18452)(cid:18448)(cid:7763)(cid:16076)","(cid:16094)(cid:16095)","(cid:16099)","(cid:16098)","(cid:16093)(cid:16095)","(cid:16097)","(cid:16097)","(cid:16093)(cid:16092)"
"(cid:18452)(cid:18449)(cid:7763)(cid:3048)(cid:2902)(cid:16076)","(cid:16095)(cid:16095)","(cid:16094)","(cid:16093)(cid:16094)","(cid:16093)(cid:16096)","(cid:16098)","(cid:16093)(cid:16095)","(cid:16093)(cid:16101)"
